Workbook

Sheet Assignment 1
A1: Sl | B1: Pls find the report these questions by using Dataset | H1: Employee ID | I1: Sales | J1: Name | K1: teritorry_name | L1: dealer_name
A2: 1 | B2: Identify the Name of Employee ID wise | H2: 2092 | I2: =VLOOKUP(H2,[1]Sheet1!$A$4:$B$191,2,0) -> 20054.24 | J2: =VLOOKUP(H2,Dataset!A1:D188,2,FALSE) -> Md Sagor Mia | K2: =VLOOKUP(H2,Dataset!A1:D188,3,FALSE) -> Bahaddarhat | L2: =VLOOKUP(H2,Dataset!A1:D188,4,FALSE) -> Bhai Bhai Enterprise-Baizid Bostami
A3: 2 | B3: Identify the Territory of Employee ID wise | H3: 1060 | I3: =VLOOKUP(H3,[1]Sheet1!$A$4:$B$191,2,0) -> 56470.44 | J3: =VLOOKUP(H3,Dataset!A2:D189,2,FALSE) -> Md. Ibrahim Khalil | K3: =VLOOKUP(H3,Dataset!A2:D189,3,FALSE) -> Bahaddarhat | L3: =VLOOKUP(H3,Dataset!A2:D189,4,FALSE) -> Bhai Bhai Enterprise-Baizid Bostami
A4: 3 | B4: Identify the Dealer_name of Employee ID wise | H4: 1218 | I4: =VLOOKUP(H4,[1]Sheet1!$A$4:$B$191,2,0) -> 63828.68 | J4: =VLOOKUP(H4,Dataset!A3:D190,2,FALSE) -> Thangem Uddin | K4: =VLOOKUP(H4,Dataset!A3:D190,3,FALSE) -> Bahaddarhat | L4: =VLOOKUP(H4,Dataset!A3:D190,4,FALSE) -> Bhai Bhai Enterprise-Baizid Bostami
H5: 298 | I5: =VLOOKUP(H5,[1]Sheet1!$A$4:$B$191,2,0) -> 129473.52 | J5: =VLOOKUP(H5,Dataset!A4:D191,2,FALSE) -> Md Anowar Hossain | K5: =VLOOKUP(H5,Dataset!A4:D191,3,FALSE) -> Bahaddarhat | L5: =VLOOKUP(H5,Dataset!A4:D191,4,FALSE) -> Kamal Store
H6: 292 | I6: =VLOOKUP(H6,[1]Sheet1!$A$4:$B$191,2,0) -> 112556.52 | J6: =VLOOKUP(H6,Dataset!A5:D192,2,FALSE) -> Md Jafor Ahammed | K6: =VLOOKUP(H6,Dataset!A5:D192,3,FALSE) -> Bahaddarhat | L6: =VLOOKUP(H6,Dataset!A5:D192,4,FALSE) -> Kamal Store
H7: 1842 | I7: =VLOOKUP(H7,[1]Sheet1!$A$4:$B$191,2,0) -> 50273.58 | J7: =VLOOKUP(H7,Dataset!A6:D193,2,FALSE) -> Md. Tanjim Hossain | K7: =VLOOKUP(H7,Dataset!A6:D193,3,FALSE) -> Bahaddarhat | L7: =VLOOKUP(H7,Dataset!A6:D193,4,FALSE) -> Kamal Store
H8: 12 | I8: =VLOOKUP(H8,[1]Sheet1!$A$4:$B$191,2,0) -> 69141.32 | J8: =VLOOKUP(H8,Dataset!A7:D194,2,FALSE) -> Saddam Hossain | K8: =VLOOKUP(H8,Dataset!A7:D194,3,FALSE) -> Bahaddarhat | L8: =VLOOKUP(H8,Dataset!A7:D194,4,FALSE) -> Kamal Store
H9: 474 | I9: =VLOOKUP(H9,[1]Sheet1!$A$4:$B$191,2,0) -> 36626.12 | J9: =VLOOKUP(H9,Dataset!A8:D195,2,FALSE) -> Marchel Chakma | K9: =VLOOKUP(H9,Dataset!A8:D195,3,FALSE) -> C&B | L9: =VLOOKUP(H9,Dataset!A8:D195,4,FALSE) -> Nur Ponno Mela- C&B
H10: 1550 | I10: =VLOOKUP(H10,[1]Sheet1!$A$4:$B$191,2,0) -> 33163.12 | J10: =VLOOKUP(H10,Dataset!A9:D196,2,FALSE) -> Md. Rasel | K10: =VLOOKUP(H10,Dataset!A9:D196,3,FALSE) -> C&B | L10: =VLOOKUP(H10,Dataset!A9:D196,4,FALSE) -> Nur Ponno Mela- C&B
H11: 1983 | I11: =VLOOKUP(H11,[1]Sheet1!$A$4:$B$191,2,0) -> 9781.8 | J11: =VLOOKUP(H11,Dataset!A10:D197,2,FALSE) -> Bappy Barua | K11: =VLOOKUP(H11,Dataset!A10:D197,3,FALSE) -> Coxs Bazar | L11: =VLOOKUP(H11,Dataset!A10:D197,4,FALSE) -> Arveen Corporation
H12: 1657 | I12: =VLOOKUP(H12,[1]Sheet1!$A$4:$B$191,2,0) -> 18725.6 | J12: =VLOOKUP(H12,Dataset!A11:D198,2,FALSE) -> Sohel Ahmad | K12: =VLOOKUP(H12,Dataset!A11:D198,3,FALSE) -> Coxs Bazar | L12: =VLOOKUP(H12,Dataset!A11:D198,4,FALSE) -> Hazi fazal Karim EnterpriseMoheskhali
H13: 294 | I13: =VLOOKUP(H13,[1]Sheet1!$A$4:$B$191,2,0) -> 22579.52 | J13: =VLOOKUP(H13,Dataset!A12:D199,2,FALSE) -> Mr.Aprajit Das | K13: =VLOOKUP(H13,Dataset!A12:D199,3,FALSE) -> Dampara | L13: =VLOOKUP(H13,Dataset!A12:D199,4,FALSE) -> Next Associates- Khulshi
H14: 2098 | I14: =VLOOKUP(H14,[1]Sheet1!$A$4:$B$191,2,0) -> 37934.68 | J14: =VLOOKUP(H14,Dataset!A13:D200,2,FALSE) -> Nazmul Hasan Tusar | K14: =VLOOKUP(H14,Dataset!A13:D200,3,FALSE) -> Dampara | L14: =VLOOKUP(H14,Dataset!A13:D200,4,FALSE) -> Next Associates- Khulshi
H15: 350 | I15: =VLOOKUP(H15,[1]Sheet1!$A$4:$B$191,2,0) -> 83676.74 | J15: =VLOOKUP(H15,Dataset!A14:D201,2,FALSE) -> Aminul Islam | K15: =VLOOKUP(H15,Dataset!A14:D201,3,FALSE) -> Dewanhat | L15: =VLOOKUP(H15,Dataset!A14:D201,4,FALSE) -> Humaira Enterprise- CEPZ
H16: 1646 | I16: =VLOOKUP(H16,[1]Sheet1!$A$4:$B$191,2,0) -> 56110.92 | J16: =VLOOKUP(H16,Dataset!A15:D202,2,FALSE) -> Md. Abdur Rahim | K16: =VLOOKUP(H16,Dataset!A15:D202,3,FALSE) -> Fotikchori | L16: =VLOOKUP(H16,Dataset!A15:D202,4,FALSE) -> Shanaz Trading- Hatazari
... H19: 1431 | I19: =VLOOKUP(H19,[1]Sheet1!$A$4:$B$191,2,0) -> 20198.16 | J19: =VLOOKUP(H19,Dataset!A18:D205,2,FALSE) -> Md.Hafizur Rahman | K19: =VLOOKUP(H19,Dataset!A18:D205,3,FALSE) -> Keranihat | L19: =VLOOKUP(H19,Dataset!A18:D205,4,FALSE) -> J.H. Trading- Patiya

Sheet Dataset
A1: Employee ID | B1: Name | C1: teritorry_name | D1: dealer_name
A2: 2092 | B2: Md Sagor Mia | C2: Bahaddarhat | D2: Bhai Bhai Enterprise-Baizid Bostami
A3: 1060 | B3: Md. Ibrahim Khalil | C3: Bahaddarhat | D3: Bhai Bhai Enterprise-Baizid Bostami
A4: 1218 | B4: Thangem Uddin | C4: Bahaddarhat | D4: Bhai Bhai Enterprise-Baizid Bostami
A5: 298 | B5: Md Anowar Hossain | C5: Bahaddarhat | D5: Kamal Store
A6: 292 | B6: Md Jafor Ahammed | C6: Bahaddarhat | D6: Kamal Store
A7: 1842 | B7: Md. Tanjim Hossain | C7: Bahaddarhat | D7: Kamal Store
A8: 12 | B8: Saddam Hossain | C8: Bahaddarhat | D8: Kamal Store
A9: 1599 | B9: Habibur Rahman | C9: Bahaddarhat | D9: Safee Enterprise
A10: 1571 | B10: Md. Imran Hossen | C10: Bahaddarhat | D10: Safee Enterprise
A11: 1841 | B11: Md. Saiful Islam | C11: Bahaddarhat | D11: Safee Enterprise
A12: 1772 | B12: Tashfiq Arman Siddique | C12: Bahaddarhat | D12: Safee Enterprise
A13: 477 | B13: Kayes Kabir | C13: C&B | D13: DS Enterprise
... A188: 1412 | B188: Tauhidul Islam | C188: Vatara | D188: Matri Vander

Sheet Assignment 2
E2: Region | F2: 44949 | G2: =EDATE(F2,1) -> 44980 | H2: =EDATE(G2,1) -> 45008 | I2: =EDATE(H2,1) -> 45039 | J2: =EDATE(I2,1) -> 45069 | K2: =EDATE(J2,1) -> 45100 | L2: =EDATE(K2,1) -> 45130 | M2: =EDATE(L2,1) -> 45161
E3: DH-02 | F3: 120 | G3: 123 | H3: 145 | I3: 150 | J3: 125 | K3: 130 | L3: 140 | M3: 145
E4: DH-04 | F4: 130 | G4: 140 | H4: 145 | I4: 120 | J4: 123 | K4: 145 | L4: 150 | M4: 120
E5: DH-01 | F5: 130 | G5: 140 | H5: 145 | I5: 120 | J5: 123 | K5: 145 | L5: 150 | M5: 120
E6: DH-03 | F6: 120 | G6: 123 | H6: 150 | I6: 150 | J6: 125 | K6: 130 | L6: 140 | M6: 145
E7: CTG | F7: 120 | G7: 123 | H7: 145 | I7: 150 | J7: 125 | K7: 130 | L7: 140 | M7: 145
E8: MYN | F8: 130 | G8: 140 | H8: 145 | I8: 120 | J8: 123 | K8: 145 | L8: 150 | M8: 120
C10: Task 1 | E10: Identify the CTG Region Sales as per given month by Using Index Match from above Table
E12: Region | F12: Month | G12: Sales
E13: CTG | F13: 44980 | G13: =INDEX($F$3:$M$8, MATCH(E13,$E$3:$E$8,0), MATCH(F13,$F$2:$M$2,0)) -> 123
